nombre,iniciales_equipo,edad,altura_cm,peso_kg,pais,part_jug,pts,reb,ast,blk,stl,pct_tiro,temporada
Georges Niang,UTA,26.0,200.66,104.32616,USA,57,5.8,1.9,0.6,0.0,0.0,0.615,2019-20
George Hill,MIL,33.0,190.5,85.275296,USA,51,9.7,3.0,2.9,0.0,0.0,0.675,2019-20
Gary Trent Jr.,POR,21.0,195.58,94.800728,USA,52,7.8,1.7,0.9,0.0,0.0,0.563,2019-20
Gary Payton II,WAS,27.0,190.5,88.45044,USA,27,4.2,2.9,1.7,0.0,0.0,0.473,2019-20
Gary Harris,DEN,25.0,193.04,95.25431999999999,USA,54,10.3,2.9,2.1,0.0,2.0,0.513,2019-20
Garrett Temple,BKN,33.0,195.58,88.45044,USA,55,10.3,3.5,2.6,0.0,0.0,0.507,2019-20
Garrison Mathews,WAS,23.0,195.58,97.52228,USA,16,5.8,1.4,0.6,0.0,0.0,0.726,2019-20
Giannis Antetokounmpo,MIL,25.0,210.82,109.76926399999999,Greece,57,29.6,13.7,5.8,0.0,0.0,0.608,2019-20
Gabe Vincent,MIA,23.0,190.5,90.7184,USA,5,2.4,0.6,0.6,0.0,0.0,0.316,2019-20
Furkan Korkmaz,PHI,22.0,200.66,91.625584,Turkey,63,9.6,2.3,1.1,0.0,0.0,0.565,2019-20
Fred VanVleet,TOR,26.0,185.42,89.357624,USA,48,17.6,3.8,6.6,0.0,0.0,0.546,2019-20
Gary Clark,ORL,25.0,198.12,102.0582,USA,33,3.4,2.4,0.4,0.0,0.0,0.5489999999999999,2019-20
Glenn Robinson III,PHI,26.0,198.12,100.697424,USA,59,12.0,4.4,1.6,0.0,0.0,0.5770000000000001,2019-20
Gordon Hayward,BOS,29.0,200.66,102.0582,USA,43,16.9,6.5,4.1,0.0,0.0,0.5920000000000001,2019-20
Goran Dragic,MIA,33.0,190.5,86.18248,Slovenia,52,16.4,3.0,5.1,0.0,0.0,0.578,2019-20
Frank Ntilikina,NYK,21.0,193.04,90.7184,France,54,6.0,2.1,2.9,0.0,0.0,0.491,2019-20
Gorgui Dieng,MEM,30.0,208.28,114.305184,Senegal,57,7.4,5.8,1.2,0.0,0.0,0.562,2019-20
Grant Williams,BOS,21.0,198.12,107.047712,USA,60,3.6,2.7,1.0,0.0,0.0,0.511,2019-20
Grayson Allen,MEM,24.0,193.04,89.811216,USA,30,7.4,2.2,1.4,0.0,0.0,0.5770000000000001,2019-20
Hamidou Diallo,OKC,21.0,195.58,91.625584,USA,37,6.2,3.3,0.6,0.0,1.0,0.486,2019-20
Harrison Barnes,SAC,27.0,203.2,102.0582,USA,63,14.8,4.8,2.4,0.0,0.0,0.5770000000000001,2019-20
Harry Giles III,SAC,21.0,210.82,108.86208,USA,37,7.1,4.2,1.3,0.0,0.0,0.59,2019-20
Hassan Whiteside,POR,30.0,213.36,120.20188,USA,60,16.3,14.3,1.2,2.0,0.0,0.6409999999999999,2019-20
Henry Ellenson,BKN,23.0,208.28,108.86208,USA,5,0.4,1.2,0.2,0.0,0.0,0.14300000000000002,2019-20
Ian Mahinmi,WAS,33.0,210.82,118.841104,France,38,7.4,5.7,1.3,0.0,0.0,0.545,2019-20
Ignas Brazdeikis,NYK,21.0,198.12,100.243832,Lithuania,9,1.9,0.6,0.4,0.0,0.0,0.35100000000000003,2019-20
Iman Shumpert,BKN,29.0,195.58,96.161504,USA,13,4.2,2.6,0.9,0.0,0.0,0.403,2019-20
Goga Bitadze,IND,20.0,210.82,113.398,Georgia,48,3.2,2.0,0.4,0.0,0.0,0.53,2019-20
Frank Mason,MIL,25.0,180.34,86.18248,USA,5,1.0,0.8,1.2,0.0,0.0,0.285,2019-20
Evan Fournier,ORL,27.0,200.66,92.98636,France,61,18.8,2.6,3.2,0.0,0.0,0.599,2019-20
Frank Jackson,NOP,21.0,190.5,92.98636,USA,50,5.6,1.4,0.8,0.0,0.0,0.505,2019-20
Donovan Mitchell,UTA,23.0,185.42,97.52228,USA,62,24.4,4.4,4.2,0.0,1.0,0.562,2019-20
Donta Hall,DET,22.0,205.74,103.872568,USA,3,1.7,3.7,0.7,0.0,0.0,0.434,2019-20
Donte DiVincenzo,MIL,23.0,193.04,92.079176,USA,58,9.3,4.9,2.3,0.0,0.0,0.5660000000000001,2019-20
Dorian Finney-Smith,DAL,26.0,200.66,99.79024,USA,63,9.2,5.5,1.5,0.0,0.0,0.594,2019-20
Doug McDermott,IND,28.0,200.66,102.0582,USA,62,10.4,2.5,1.1,0.0,0.0,0.626,2019-20
Dragan Bender,GSW,22.0,213.36,112.944408,Croatia,15,5.6,4.4,1.7,0.0,0.0,0.5,2019-20
Draymond Green,GSW,30.0,198.12,104.32616,USA,43,8.0,6.2,6.2,0.0,0.0,0.489,2019-20
Drew Eubanks,SAS,23.0,205.74,111.13004,USA,12,3.8,2.3,0.2,0.0,0.0,0.805,2019-20
Duncan Robinson,MIA,25.0,200.66,97.52228,USA,63,13.1,3.2,1.4,0.0,0.0,0.679,2019-20
Dusty Hannahs,MEM,26.0,190.5,95.25431999999999,USA,2,6.0,0.5,0.0,0.0,0.0,0.607,2019-20
Dwayne Bacon,CHA,24.0,198.12,100.243832,USA,39,5.7,2.6,1.3,0.0,0.0,0.419,2019-20
Dwight Howard,LAL,34.0,208.28,120.20188,USA,61,7.7,7.5,0.7,1.0,0.0,0.698,2019-20
Dwight Powell,DAL,28.0,208.28,108.86208,Canada,40,9.4,5.7,1.5,0.0,0.0,0.677,2019-20
Frank Kaminsky,PHX,26.0,213.36,108.86208,USA,32,11.0,4.9,2.2,0.0,0.0,0.5539999999999999,2019-20
Dzanan Musa,BKN,20.0,205.74,98.429464,Bosnia and Herzegovina,35,4.2,2.0,0.9,0.0,0.0,0.467,2019-20
Ed Davis,UTA,30.0,205.74,98.883056,USA,25,1.3,3.8,0.3,2.0,0.0,0.425,2019-20
Edmond Sumner,IND,24.0,193.04,88.904032,USA,23,4.5,1.4,1.6,0.0,0.0,0.4920000000000001,2019-20
Elfrid Payton,NYK,26.0,190.5,88.45044,USA,42,10.0,4.8,7.2,0.0,0.0,0.468,2019-20
Elie Okobo,PHX,22.0,190.5,86.18248,France,53,4.1,1.7,2.1,0.0,0.0,0.511,2019-20
Emmanuel Mudiay,UTA,24.0,190.5,90.7184,Democratic Republic of the Congo,48,7.3,2.4,2.2,1.0,0.0,0.55,2019-20
Enes Kanter,BOS,27.0,208.28,113.398,Turkey,49,8.4,7.9,0.9,0.0,0.0,0.599,2019-20
Eric Bledsoe,MIL,30.0,185.42,97.068688,USA,55,15.2,4.7,5.4,0.0,0.0,0.5770000000000001,2019-20
Eric Gordon,HOU,31.0,190.5,97.52228,USA,33,14.5,1.9,1.5,0.0,0.0,0.512,2019-20
Eric Mika,SAC,25.0,208.28,105.68693600000002,USA,1,6.0,7.0,0.0,0.0,0.0,0.773,2019-20
Eric Paschall,GSW,23.0,198.12,115.66596,USA,59,14.0,4.6,2.0,0.0,0.0,0.573,2019-20
Ersan Ilyasova,MIL,32.0,205.74,106.59412,Turkey,54,7.0,4.9,0.9,0.0,0.0,0.5920000000000001,2019-20
Isaac Bonga,WAS,20.0,203.2,81.64656,Germany,57,4.6,3.2,1.1,0.0,0.0,0.626,2019-20
Evan Turner,MIN,31.0,198.12,99.79024,USA,19,3.3,2.0,2.0,0.0,1.0,0.424,2019-20
E'Twaun Moore,NOP,31.0,190.5,86.636072,USA,50,8.7,2.4,1.5,0.0,0.0,0.509,2019-20
Isaiah Hartenstein,HOU,21.0,213.36,113.398,Germany,23,4.7,3.9,0.8,0.0,0.0,0.674,2019-20
Ivica Zubac,LAC,22.0,213.36,108.86208,Croatia,62,8.1,7.1,1.1,0.0,0.0,0.645,2019-20
Isaiah Thomas,WAS,31.0,175.26,83.91452,USA,40,12.2,1.7,3.7,0.0,0.0,0.531,2019-20
Jaylen Hoard,POR,20.0,203.2,97.975872,France,13,2.9,2.5,0.3,0.0,0.0,0.504,2019-20
Jaylen Nowell,MIN,20.0,193.04,91.171992,USA,13,4.4,0.8,1.2,0.0,0.0,0.487,2019-20
Jayson Tatum,BOS,22.0,203.2,95.25431999999999,USA,57,23.5,7.1,3.0,0.0,0.0,0.564,2019-20
Jeff Green,HOU,33.0,203.2,106.59412,USA,38,8.3,2.8,0.8,1.0,0.0,0.568,2019-20
Jeff Teague,ATL,31.0,190.5,88.45044,USA,57,10.9,2.4,5.3,0.0,0.0,0.55,2019-20
Jerami Grant,DEN,25.0,203.2,95.25431999999999,USA,62,11.5,3.5,1.2,0.0,0.0,0.581,2019-20
Jeremiah Martin,BKN,23.0,187.96,83.91452,USA,3,0.7,0.7,0.7,0.0,0.0,0.2,2019-20
Jeremy Lamb,IND,27.0,195.58,81.64656,USA,46,12.5,4.3,2.1,0.0,0.0,0.547,2019-20
Jeremy Pargo,GSW,33.0,187.96,99.336648,USA,3,8.3,1.0,2.7,0.0,0.0,0.557,2019-20
Jerome Robinson,WAS,23.0,193.04,86.18248,USA,54,3.7,1.9,1.2,0.0,0.0,0.443,2019-20
Jevon Carter,PHX,24.0,185.42,90.7184,USA,48,4.4,1.8,1.3,0.0,0.0,0.532,2019-20
Jimmy Butler,MIA,30.0,200.66,104.32616,USA,53,20.5,6.8,6.2,0.0,0.0,0.5820000000000001,2019-20
Joe Chealey,CHA,24.0,193.04,86.18248,USA,3,0.7,0.0,0.3,0.0,0.0,0.127,2019-20
Jaylen Brown,BOS,23.0,198.12,101.151016,USA,50,20.4,6.4,2.2,0.0,0.0,0.589,2019-20
Joe Harris,BKN,28.0,198.12,99.79024,USA,61,13.8,4.4,2.1,0.0,0.0,0.586,2019-20
Joel Embiid,PHI,25.0,213.36,127.00576,Cameroon,43,23.3,11.8,3.1,0.0,0.0,0.591,2019-20
John Collins,ATL,22.0,205.74,106.59412,USA,39,21.4,10.0,1.5,1.0,2.0,0.66,2019-20
John Henson,DET,29.0,205.74,99.336648,USA,39,5.6,4.1,1.4,0.0,0.0,0.579,2019-20
John Konchar,MEM,23.0,195.58,95.25431999999999,USA,14,3.5,3.3,1.4,0.0,0.0,0.7020000000000001,2019-20
Johnathan Motley,LAC,24.0,203.2,104.32616,USA,13,2.2,0.8,0.6,0.0,0.0,0.774,2019-20
Johnathan Williams,WAS,24.0,205.74,103.418976,USA,11,3.2,3.9,0.5,0.0,0.0,0.643,2019-20
Jonah Bolden,PHX,24.0,203.2,102.0582,Australia,7,1.4,1.3,0.0,0.0,0.0,0.392,2019-20
Jonas Valanciunas,MEM,27.0,210.82,120.20188,Lithuania,61,14.7,11.1,1.8,0.0,0.0,0.626,2019-20
Jonathan Isaac,ORL,22.0,210.82,104.32616,USA,32,12.0,6.9,1.4,0.0,0.0,0.542,2019-20
Jordan Bell,MEM,25.0,203.2,97.975872,USA,29,3.2,2.8,0.6,0.0,0.0,0.5770000000000001,2019-20
Jordan Bone,DET,22.0,190.5,81.64656,USA,10,1.2,0.4,0.8,0.0,0.0,0.3,2019-20
Jordan Clarkson,UTA,27.0,193.04,87.996848,USA,62,15.2,2.7,2.0,0.0,0.0,0.584,2019-20
Jordan McLaughlin,MIN,23.0,180.34,83.91452,USA,28,7.8,1.7,4.3,0.0,0.0,0.588,2019-20
Joe Ingles,UTA,32.0,200.66,99.79024,Australia,63,9.6,4.0,5.2,0.0,0.0,0.5820000000000001,2019-20
Jaxson Hayes,NOP,19.0,210.82,99.79024,USA,56,7.5,4.0,0.9,0.0,0.0,0.675,2019-20
Javonte Green,BOS,26.0,193.04,92.98636,USA,44,2.9,1.8,0.5,0.0,0.0,0.5579999999999999,2019-20
Jarrod Uthoff,MEM,26.0,205.74,99.79024,USA,4,1.0,0.3,0.0,0.0,0.0,0.254,2019-20
Ish Smith,WAS,31.0,182.88,79.3786,USA,60,10.5,3.2,4.8,0.0,0.0,0.512,2019-20
Domantas Sabonis,IND,23.0,210.82,108.86208,Lithuania,60,18.3,12.4,4.9,0.0,0.0,0.585,2019-20
J.J. Barea,DAL,35.0,177.8,81.64656,Puerto Rico,24,8.0,2.0,3.9,0.0,0.0,0.522,2019-20
J.P. Macura,CLE,24.0,193.04,92.079176,USA,1,0.0,0.0,0.0,0.0,0.0,0.0,2019-20
JJ Redick,NOP,35.0,190.5,90.7184,USA,54,14.9,2.6,2.0,0.0,0.0,0.639,2019-20
Ja Morant,MEM,20.0,190.5,78.92500799999998,USA,58,17.6,3.5,7.0,0.0,0.0,0.569,2019-20
JaKarr Sampson,IND,26.0,200.66,97.068688,USA,24,4.3,2.3,0.3,0.0,0.0,0.62,2019-20
JaMychal Green,LAC,29.0,203.2,102.965384,USA,53,6.4,6.2,0.8,0.0,0.0,0.5529999999999999,2019-20
JaVale McGee,LAL,32.0,213.36,122.46984,USA,59,6.9,5.9,0.6,2.0,0.0,0.659,2019-20
Jabari Parker,SAC,24.0,203.2,111.13004,USA,33,14.7,5.9,1.8,0.0,0.0,0.561,2019-20
Jacob Evans,MIN,22.0,193.04,95.25431999999999,USA,29,4.4,1.4,1.1,0.0,0.0,0.436,2019-20
Jae Crowder,MIA,29.0,198.12,106.59412,USA,57,10.4,6.0,2.6,0.0,0.0,0.532,2019-20
Jahlil Okafor,NOP,24.0,208.28,122.46984,USA,28,7.6,4.3,1.3,0.0,0.0,0.631,2019-20
Jake Layman,MIN,26.0,203.2,94.800728,USA,21,9.0,2.5,0.7,0.0,0.0,0.529,2019-20
Jakob Poeltl,SAS,24.0,215.9,111.13004,Austria,58,5.3,5.3,1.8,0.0,0.0,0.611,2019-20
Jalen Brunson,DAL,23.0,185.42,86.18248,USA,57,8.2,2.4,3.3,0.0,0.0,0.5529999999999999,2019-20
Jalen Lecque,PHX,19.0,193.04,83.91452,USA,4,2.5,0.0,0.5,0.0,0.0,0.46,2019-20
Jalen McDaniels,CHA,22.0,208.28,92.98636,USA,14,5.2,3.9,0.7,0.0,0.0,0.564,2019-20
Jamal Murray,DEN,23.0,193.04,97.52228,Canada,53,18.6,3.9,4.8,0.0,1.0,0.5579999999999999,2019-20
James Ennis III,ORL,29.0,198.12,97.52228,USA,59,6.0,3.3,0.9,0.0,0.0,0.557,2019-20
James Harden,HOU,30.0,195.58,99.79024,USA,59,34.5,6.4,7.4,0.0,0.0,0.616,2019-20
James Johnson,MIN,33.0,200.66,108.86208,USA,30,8.0,3.6,2.2,0.0,0.0,0.568,2019-20
Jared Dudley,LAL,34.0,198.12,107.501304,USA,40,1.5,1.1,0.5,0.0,0.0,0.57,2019-20
Jared Harper,PHX,22.0,177.8,79.3786,USA,3,0.7,0.0,0.0,0.0,0.0,0.25,2019-20
Jaren Jackson Jr.,MEM,20.0,210.82,109.76926399999999,USA,54,16.9,4.7,1.4,0.0,0.0,0.59,2019-20
Jarred Vanderbilt,MIN,20.0,205.74,97.068688,USA,11,1.1,0.8,0.2,0.0,0.0,0.6759999999999999,2019-20
Jarrell Brantley,UTA,23.0,195.58,113.398,USA,5,0.0,1.0,0.2,0.0,0.0,0.0,2019-20
Jarrett Allen,BKN,21.0,210.82,110.222856,USA,62,10.8,9.5,1.4,0.0,0.0,0.6579999999999999,2019-20
Jarrett Culver,MIN,21.0,198.12,88.45044,USA,61,9.1,3.4,1.8,0.0,0.0,0.463,2019-20
Isaiah Roby,OKC,22.0,203.2,104.32616,USA,3,0.0,0.7,0.0,0.0,0.0,0.0,2019-20
Dion Waiters,LAL,28.0,190.5,95.25431999999999,USA,3,9.3,3.7,1.0,0.0,0.0,0.53,2019-20
Dewan Hernandez,TOR,23.0,208.28,106.59412,USA,4,1.0,1.8,0.0,0.0,0.0,0.34,2019-20
Dewayne Dedmon,ATL,30.0,213.36,111.13004,USA,42,5.6,5.4,0.5,0.0,0.0,0.473,2019-20
Bismack Biyombo,CHA,27.0,203.2,115.66596,Democratic Republic of the Congo,51,7.5,5.9,0.9,0.0,0.0,0.5670000000000001,2019-20
Blake Griffin,DET,30.0,205.74,113.398,USA,18,15.5,4.7,3.3,0.0,0.0,0.476,2019-20
Boban Marjanovic,DAL,31.0,223.52,131.54168,Serbia,34,5.7,3.8,0.4,0.0,0.0,0.601,2019-20
Bobby Portis,NYK,25.0,208.28,113.398,USA,63,10.1,5.2,1.4,0.0,0.0,0.531,2019-20
Bogdan Bogdanovic,SAC,27.0,198.12,99.79024,Serbia,52,14.6,3.2,3.2,0.0,0.0,0.562,2019-20
Bojan Bogdanovic,UTA,30.0,203.2,102.511792,Croatia,62,20.5,4.2,2.1,0.0,1.0,0.605,2019-20
Brad Wanamaker,BOS,30.0,190.5,95.25431999999999,USA,61,6.7,2.0,2.6,0.0,0.0,0.557,2019-20
Bradley Beal,WAS,26.0,190.5,93.893544,USA,55,30.5,4.3,6.1,0.0,0.0,0.58,2019-20
Brandon Clarke,MEM,23.0,203.2,97.52228,Canada,50,12.0,5.8,1.4,0.0,0.0,0.67,2019-20
Brandon Goodwin,ATL,24.0,182.88,81.64656,USA,34,6.1,2.1,1.5,0.0,0.0,0.507,2019-20
Brandon Ingram,NOP,22.0,200.66,86.18248,USA,55,24.4,6.1,4.3,0.0,0.0,0.591,2019-20
Brandon Knight,DET,28.0,187.96,82.553744,USA,24,7.4,1.5,2.6,0.0,0.0,0.512,2019-20
Brian Bowen II,IND,21.0,198.12,86.18248,USA,5,0.8,1.4,0.0,0.0,0.0,0.222,2019-20
Ben Simmons,PHI,23.0,208.28,108.86208,Australia,54,16.7,7.8,8.2,0.0,0.0,0.608,2019-20
Brook Lopez,MIL,31.0,213.36,127.912944,USA,60,10.9,4.5,1.6,0.0,0.0,0.535,2019-20
Bruno Caboclo,HOU,24.0,205.74,98.883056,Brazil,26,2.6,1.9,0.4,0.0,0.0,0.452,2019-20
Bruno Fernando,ATL,21.0,205.74,108.86208,Angola,54,4.4,3.6,0.9,0.0,0.0,0.544,2019-20
Bryn Forbes,SAS,26.0,187.96,92.98636,USA,61,11.2,2.0,1.8,0.0,0.0,0.5670000000000001,2019-20
Buddy Hield,SAC,27.0,193.04,99.79024,Bahamas,63,20.0,4.8,3.1,0.0,0.0,0.5670000000000001,2019-20
CJ McCollum,POR,28.0,190.5,86.18248,USA,61,22.5,4.1,4.3,0.0,1.0,0.5429999999999999,2019-20
CJ Miles,WAS,32.0,198.12,99.79024,USA,10,6.4,1.2,1.2,0.0,0.0,0.472,2019-20
Caleb Martin,CHA,24.0,195.58,92.98636,USA,16,4.3,1.9,1.0,0.0,0.0,0.516,2019-20
Caleb Swanigan,POR,22.0,205.74,117.93392,USA,26,2.5,3.7,1.2,0.0,0.0,0.597,2019-20
Cam Reddish,ATL,20.0,203.2,98.883056,USA,56,10.3,3.6,1.5,0.0,0.0,0.4970000000000001,2019-20
Cameron Johnson,PHX,24.0,203.2,95.25431999999999,USA,49,8.1,2.9,1.1,0.0,0.0,0.5760000000000001,2019-20
Caris LeVert,BKN,25.0,198.12,92.98636,USA,37,17.5,3.9,4.1,0.0,0.0,0.505,2019-20
Carmelo Anthony,POR,35.0,203.2,107.954896,USA,49,15.1,6.3,1.5,0.0,0.0,0.515,2019-20
Carsen Edwards,BOS,21.0,180.34,90.7184,USA,35,3.0,1.2,0.6,0.0,0.0,0.446,2019-20
Bruce Brown,DET,23.0,193.04,91.625584,USA,57,8.8,4.7,3.9,0.0,0.0,0.516,2019-20
Ben McLemore,HOU,27.0,190.5,88.45044,USA,62,9.9,2.2,0.9,0.0,0.0,0.619,2019-20
Bam Adebayo,MIA,22.0,205.74,115.66596,USA,63,16.0,10.5,5.0,0.0,0.0,0.602,2019-20
BJ Johnson,ORL,24.0,200.66,90.7184,USA,8,1.6,0.8,0.3,0.0,0.0,0.344,2019-20
Aaron Gordon,ORL,24.0,203.2,106.59412,USA,56,14.4,7.6,3.6,0.0,0.0,0.512,2019-20
Aaron Holiday,IND,23.0,182.88,83.91452,USA,56,9.6,2.3,3.3,0.0,0.0,0.524,2019-20
Abdel Nader,OKC,26.0,195.58,102.0582,Egypt,47,6.0,1.9,0.7,0.0,0.0,0.578,2019-20
Adam Mokoka,CHI,21.0,195.58,86.18248,France,11,2.9,0.9,0.4,0.0,0.0,0.5379999999999999,2019-20
Admiral Schofield,WAS,22.0,195.58,109.31567199999999,United Kingdom,26,3.2,1.3,0.5,0.0,0.0,0.514,2019-20
Al Horford,PHI,33.0,205.74,108.86208,Dominican Republic,59,11.9,6.8,4.0,0.0,0.0,0.52,2019-20
Al-Farouq Aminu,ORL,29.0,203.2,99.79024,USA,18,4.3,4.8,1.2,0.0,0.0,0.395,2019-20
Alec Burks,PHI,28.0,198.12,97.068688,USA,58,15.2,4.4,2.9,0.0,0.0,0.5489999999999999,2019-20
Alen Smailagic,GSW,19.0,208.28,97.52228,Serbia,14,4.2,1.9,0.9,0.0,0.0,0.61,2019-20
Alex Caruso,LAL,26.0,195.58,84.368112,USA,56,5.6,2.0,1.8,0.0,0.0,0.5429999999999999,2019-20
Alex Len,SAC,26.0,213.36,113.398,Ukraine,48,8.2,6.0,1.0,1.0,2.0,0.5920000000000001,2019-20
Alfonzo McKinnie,CLE,27.0,200.66,97.52228,USA,38,4.4,2.8,0.3,0.0,0.0,0.486,2019-20
Alize Johnson,IND,23.0,200.66,96.161504,USA,13,1.4,1.4,0.2,0.0,0.0,0.51,2019-20
Allen Crabbe,MIN,27.0,195.58,96.161504,USA,37,4.6,2.1,0.9,0.0,0.0,0.47,2019-20
Allonzo Trier,NYK,24.0,193.04,90.7184,USA,24,6.5,1.2,1.2,0.0,0.0,0.62,2019-20
Amile Jefferson,ORL,26.0,205.74,100.697424,USA,18,0.8,1.3,0.2,0.0,0.0,0.3720000000000001,2019-20
Amir Coffey,LAC,22.0,200.66,95.25431999999999,USA,11,2.4,1.2,0.7,0.0,0.0,0.443,2019-20
Andre Drummond,CLE,26.0,208.28,126.552168,USA,55,17.5,15.3,2.7,1.0,4.0,0.5489999999999999,2019-20
Andre Iguodala,MIA,36.0,198.12,97.52228,USA,12,4.8,4.1,1.8,0.0,0.0,0.563,2019-20
Andrew Wiggins,GSW,25.0,200.66,89.357624,Canada,53,21.8,5.1,3.7,0.0,0.0,0.535,2019-20
Anfernee Simons,POR,20.0,190.5,82.10015200000002,USA,64,8.9,2.3,1.5,0.0,2.0,0.504,2019-20
Ante Zizic,CLE,23.0,208.28,120.655472,Croatia,22,4.4,3.0,0.3,0.0,0.0,0.597,2019-20
Anthony Davis,LAL,26.0,208.28,114.758776,USA,53,26.6,9.5,3.2,2.0,1.0,0.613,2019-20
Anthony Tolliver,MEM,34.0,203.2,108.86208,USA,46,3.5,2.9,0.7,0.0,0.0,0.493,2019-20
Antonius Cleveland,DAL,26.0,195.58,88.45044,USA,6,0.8,0.5,0.0,0.0,0.0,0.363,2019-20
Anzejs Pasecniks,WAS,24.0,218.44,103.872568,Latvia,23,6.3,4.3,0.7,0.0,0.0,0.5589999999999999,2019-20
Aron Baynes,PHX,33.0,208.28,117.93392,Australia,40,11.3,5.7,1.6,0.0,0.0,0.589,2019-20
Austin Rivers,HOU,27.0,190.5,90.7184,USA,58,8.5,2.4,1.6,0.0,0.0,0.535,2019-20
Avery Bradley,LAL,29.0,190.5,81.64656,USA,47,8.3,2.3,1.3,0.0,0.0,0.532,2019-20
Cedi Osman,CLE,24.0,200.66,104.32616,Turkey,63,11.0,3.5,2.3,0.0,0.0,0.5579999999999999,2019-20
Dillon Brooks,MEM,24.0,200.66,102.0582,Canada,64,15.6,3.3,2.0,0.0,0.0,0.507,2019-20
Chandler Hutchison,CHI,23.0,200.66,95.25431999999999,USA,28,7.8,3.9,0.9,0.0,0.0,0.521,2019-20
Charles Brown Jr.,ATL,23.0,198.12,90.264808,USA,10,2.0,0.4,0.2,0.0,0.0,0.472,2019-20
Darius Garland,CLE,20.0,185.42,87.089664,USA,59,12.3,1.9,3.9,0.0,0.0,0.498,2019-20
Daryl Macon,MIA,24.0,187.96,83.91452,USA,4,0.8,0.0,0.3,0.0,0.0,0.5,2019-20
David Nwaba,BKN,27.0,195.58,99.336648,USA,20,5.2,2.3,0.4,0.0,0.0,0.627,2019-20
Davis Bertans,WAS,27.0,208.28,102.0582,Latvia,52,15.3,4.6,1.7,0.0,0.0,0.625,2019-20
De'Aaron Fox,SAC,22.0,190.5,83.91452,USA,44,20.3,4.0,6.8,0.0,0.0,0.5529999999999999,2019-20
De'Andre Hunter,ATL,22.0,200.66,102.0582,USA,61,12.3,4.4,1.8,0.0,0.0,0.516,2019-20
De'Anthony Melton,MEM,21.0,187.96,90.7184,USA,51,8.1,3.6,3.0,0.0,0.0,0.53,2019-20
DeAndre Jordan,BKN,31.0,210.82,120.20188,USA,54,8.3,9.9,1.9,0.0,0.0,0.684,2019-20
DeAndre' Bembry,ATL,25.0,195.58,95.25431999999999,USA,43,5.8,3.5,1.9,0.0,2.0,0.5,2019-20
DeMar DeRozan,SAS,30.0,198.12,99.79024,USA,59,22.3,5.6,5.5,0.0,0.0,0.6,2019-20
DeMarre Carroll,HOU,33.0,198.12,97.52228,USA,20,3.2,2.3,0.9,0.0,0.0,0.507,2019-20
Dean Wade,CLE,23.0,205.74,103.418976,USA,12,1.7,1.6,0.2,0.0,0.0,0.7440000000000001,2019-20
Deandre Ayton,PHX,21.0,210.82,113.398,Bahamas,30,19.0,12.0,1.9,0.0,0.0,0.5710000000000001,2019-20
Darius Bazley,OKC,19.0,203.2,94.347136,USA,53,4.5,3.7,0.5,0.0,0.0,0.475,2019-20
Dejounte Murray,SAS,23.0,193.04,81.64656,USA,57,10.6,5.8,4.1,0.0,0.0,0.537,2019-20
Dennis Schroder,OKC,26.0,185.42,78.017824,Germany,62,18.9,3.7,4.0,0.0,0.0,0.573,2019-20
Dennis Smith Jr.,NYK,22.0,187.96,92.98636,USA,34,5.5,2.3,2.9,0.0,0.0,0.399,2019-20
Denzel Valentine,CHI,26.0,193.04,99.79024,USA,34,6.5,2.1,1.1,0.0,0.0,0.51,2019-20
Deonte Burton,OKC,26.0,193.04,108.86208,USA,34,2.8,1.4,0.3,0.0,0.0,0.426,2019-20
Derrick Favors,NOP,28.0,205.74,120.20188,USA,44,9.2,9.9,1.7,0.0,0.0,0.623,2019-20
Derrick Jones Jr.,MIA,23.0,198.12,95.25431999999999,USA,49,8.7,4.1,1.1,0.0,0.0,0.6,2019-20
Derrick Rose,DET,31.0,187.96,90.7184,USA,50,18.1,2.4,5.6,0.0,0.0,0.555,2019-20
Derrick Walton Jr.,DET,24.0,182.88,83.91452,USA,26,2.0,0.6,1.0,0.0,0.0,0.617,2019-20
Derrick White,SAS,25.0,193.04,86.18248,USA,59,10.2,3.2,3.3,0.0,0.0,0.5820000000000001,2019-20
Devin Booker,PHX,23.0,195.58,93.439952,USA,60,25.9,4.1,6.5,0.0,0.0,0.615,2019-20
Devon Hall,OKC,24.0,187.96,97.52228,USA,5,1.0,0.2,0.6,0.0,0.0,0.37,2019-20
Devonte' Graham,CHA,25.0,185.42,88.45044,USA,61,17.8,3.4,7.5,0.0,0.0,0.534,2019-20
Jordan McRae,DET,28.0,195.58,81.19296800000002,USA,35,11.7,3.3,2.6,0.0,0.0,0.528,2019-20
Delon Wright,DAL,27.0,195.58,83.91452,USA,62,7.3,3.9,3.4,0.0,0.0,0.56,2019-20
Dario Saric,PHX,25.0,208.28,102.0582,Croatia,56,9.8,5.9,1.9,0.0,0.0,0.5670000000000001,2019-20
Danuel House Jr.,HOU,26.0,198.12,99.79024,USA,56,10.4,4.4,1.3,0.0,0.0,0.574,2019-20
Dante Exum,CLE,24.0,195.58,97.068688,Australia,35,4.5,1.9,1.1,0.0,0.0,0.5760000000000001,2019-20
Chasson Randle,GSW,27.0,187.96,83.91452,USA,2,1.5,1.0,1.0,0.0,0.0,0.399,2019-20
Cheick Diallo,PHX,23.0,203.2,99.336648,Mali,42,4.7,2.8,0.5,0.0,0.0,0.687,2019-20
Chimezie Metu,SAS,22.0,205.74,102.0582,USA,16,2.9,1.6,0.4,0.0,0.0,0.597,2019-20
Chris Boucher,TOR,27.0,205.74,90.7184,Canada,54,6.4,4.5,0.4,0.0,0.0,0.574,2019-20
Chris Chiozza,BKN,24.0,180.34,79.3786,USA,19,3.6,1.6,2.3,0.0,0.0,0.508,2019-20
Chris Clemons,HOU,22.0,175.26,81.64656,USA,28,5.0,0.8,0.8,0.0,0.0,0.547,2019-20
Chris Paul,OKC,34.0,185.42,79.3786,USA,62,17.5,4.9,6.8,0.0,1.0,0.609,2019-20
Chris Silva,MIA,23.0,203.2,106.140528,Gabon,40,3.0,2.7,0.5,0.0,0.0,0.6629999999999999,2019-20
Christian Wood,DET,24.0,208.28,97.068688,USA,60,12.6,6.3,0.9,0.0,0.0,0.653,2019-20
Clint Capela,ATL,25.0,208.28,108.86208,Switzerland,39,13.9,13.8,1.2,0.0,0.0,0.626,2019-20
Coby White,CHI,20.0,193.04,88.45044,USA,63,13.0,3.5,2.6,0.0,0.0,0.507,2019-20
Cody Martin,CHA,24.0,195.58,92.98636,USA,46,4.8,3.2,1.9,0.0,0.0,0.5,2019-20
Cody Zeller,CHA,27.0,213.36,108.86208,USA,56,11.0,7.0,1.5,0.0,0.0,0.5710000000000001,2019-20
Collin Sexton,CLE,21.0,185.42,86.18248,USA,63,20.6,3.2,2.9,0.0,0.0,0.5579999999999999,2019-20
Cory Joseph,SAC,28.0,190.5,90.7184,Canada,63,6.4,2.5,3.4,0.0,0.0,0.513,2019-20
Courtney Lee,DAL,34.0,195.58,97.52228,USA,21,4.3,1.4,0.5,0.0,0.0,0.6759999999999999,2019-20
Cristiano Felicio,CHI,27.0,208.28,122.46984,Brazil,22,3.9,4.6,0.7,0.0,0.0,0.6709999999999999,2019-20
D'Angelo Russell,MIN,24.0,193.04,87.543256,USA,43,23.1,3.8,6.4,0.0,0.0,0.555,2019-20
D.J. Augustin,ORL,32.0,180.34,83.007336,USA,47,10.0,2.2,4.6,0.0,0.0,0.536,2019-20
D.J. Wilson,MIL,24.0,208.28,104.779752,USA,30,3.0,2.0,0.7,0.0,0.0,0.474,2019-20
DaQuan Jeffries,SAC,22.0,195.58,104.32616,USA,6,1.2,0.2,0.2,0.0,0.0,0.5,2019-20
Damian Jones,ATL,24.0,210.82,111.13004,USA,55,5.6,3.7,0.6,0.0,0.0,0.7120000000000001,2019-20
Damian Lillard,POR,29.0,187.96,88.45044,USA,57,29.0,4.3,7.8,0.0,1.0,0.618,2019-20
Damion Lee,GSW,27.0,195.58,95.25431999999999,USA,48,12.8,4.9,2.7,0.0,0.0,0.5479999999999999,2019-20
Damyean Dotson,NYK,25.0,195.58,95.25431999999999,USA,48,6.7,1.9,1.2,0.0,0.0,0.527,2019-20
Daniel Gafford,CHI,21.0,208.28,106.140528,USA,41,5.1,2.5,0.5,0.0,0.0,0.6759999999999999,2019-20
Daniel Theis,BOS,27.0,203.2,111.13004,Germany,56,9.1,6.6,1.6,0.0,0.0,0.621,2019-20
Danilo Gallinari,OKC,31.0,208.28,105.68693600000002,Italy,54,19.2,5.5,2.1,0.0,1.0,0.614,2019-20
Danny Green,LAL,32.0,198.12,97.52228,USA,59,8.4,3.4,1.4,1.0,2.0,0.5670000000000001,2019-20
Chandler Parsons,ATL,31.0,205.74,104.32616,USA,5,2.8,1.4,0.6,0.0,0.0,0.389,2019-20
Jordan Poole,GSW,20.0,193.04,87.996848,USA,56,8.7,2.1,2.3,0.0,0.0,0.448,2019-20
Josh Magette,ORL,30.0,185.42,72.57472,USA,8,1.5,0.8,0.6,0.0,0.0,0.378,2019-20
Josh Hart,NOP,25.0,195.58,97.52228,USA,56,10.3,6.5,1.7,0.0,0.0,0.564,2019-20
Royce O'Neale,UTA,26.0,193.04,102.511792,USA,63,6.1,5.3,2.6,0.0,1.0,0.5820000000000001,2019-20
Rudy Gay,SAS,33.0,203.2,113.398,USA,58,9.7,5.3,1.7,0.0,0.0,0.544,2019-20
Rudy Gobert,UTA,27.0,215.9,117.026736,France,61,15.2,13.9,1.5,1.0,0.0,0.7020000000000001,2019-20
Rui Hachimura,WAS,22.0,203.2,104.32616,Japan,39,13.7,6.0,1.7,0.0,0.0,0.5479999999999999,2019-20
Russell Westbrook,HOU,31.0,190.5,90.7184,USA,51,27.5,8.1,7.0,0.0,0.0,0.536,2019-20
Ryan Anderson,HOU,31.0,205.74,108.86208,USA,2,2.5,3.5,1.0,0.0,0.0,0.35700000000000004,2019-20
Ryan Arcidiacono,CHI,25.0,190.5,88.45044,USA,58,4.5,1.9,1.7,0.0,0.0,0.551,2019-20
Ryan Broekhoff,DAL,29.0,198.12,97.52228,Australia,17,4.2,2.5,0.6,0.0,0.0,0.568,2019-20
Sekou Doumbouya,DET,19.0,203.2,104.32616,Guinea,36,6.6,3.2,0.4,0.0,0.0,0.481,2019-20
Semi Ojeleye,BOS,25.0,198.12,108.86208,USA,59,3.2,2.0,0.5,0.0,0.0,0.5720000000000001,2019-20
Serge Ibaka,TOR,30.0,213.36,106.59412,Democratic Republic of the Congo,48,15.8,8.1,1.4,0.0,0.0,0.589,2019-20
Seth Curry,DAL,29.0,187.96,83.91452,USA,59,12.6,2.4,2.0,0.0,0.0,0.65,2019-20
Shabazz Napier,WAS,28.0,182.88,79.3786,USA,49,9.8,2.9,4.9,0.0,0.0,0.544,2019-20
Rondae Hollis-Jefferson,TOR,25.0,198.12,98.429464,USA,50,7.3,4.9,1.8,0.0,0.0,0.535,2019-20
Shai Gilgeous-Alexander,OKC,21.0,195.58,81.64656,Canada,63,19.3,6.1,3.3,0.0,1.0,0.5660000000000001,2019-20
Shamorie Ponds,TOR,21.0,182.88,79.3786,USA,4,2.3,0.3,0.5,0.0,0.0,0.765,2019-20
Shaquille Harrison,CHI,26.0,200.66,86.18248,USA,41,4.8,1.7,1.0,0.0,0.0,0.573,2019-20
Skal Labissiere,ATL,23.0,208.28,106.59412,Haiti,33,5.8,5.1,1.3,0.0,0.0,0.588,2019-20
Solomon Hill,MIA,28.0,198.12,102.511792,USA,52,5.5,2.8,1.8,0.0,0.0,0.547,2019-20
Spencer Dinwiddie,BKN,26.0,195.58,97.52228,USA,62,20.5,3.5,6.8,0.0,0.0,0.5379999999999999,2019-20
Stanley Johnson,TOR,23.0,198.12,109.76926399999999,USA,20,1.2,1.1,0.4,0.0,0.0,0.342,2019-20
Stanton Kidd,UTA,27.0,198.12,97.975872,USA,4,0.0,0.8,0.3,0.0,0.0,0.0,2019-20
Stephen Curry,GSW,31.0,190.5,83.91452,USA,5,20.8,5.2,6.6,0.0,0.0,0.557,2019-20
Sterling Brown,MIL,25.0,195.58,99.336648,USA,44,4.7,3.6,1.0,0.0,0.0,0.478,2019-20
Steven Adams,OKC,26.0,210.82,120.20188,New Zealand,57,11.0,9.4,2.5,0.0,1.0,0.605,2019-20
Svi Mykhailiuk,DET,22.0,200.66,92.98636,Ukraine,54,8.9,1.8,1.8,0.0,0.0,0.58,2019-20
T.J. McConnell,IND,27.0,185.42,86.18248,USA,61,6.5,2.6,5.0,0.0,0.0,0.541,2019-20
T.J. Warren,IND,26.0,203.2,99.79024,USA,59,18.7,3.9,1.5,0.0,0.0,0.6,2019-20
Shake Milton,PHI,23.0,195.58,92.98636,USA,31,9.4,2.2,2.2,0.0,0.0,0.639,2019-20
TJ Leaf,IND,22.0,208.28,100.697424,USA,25,2.9,2.6,0.2,0.0,0.0,0.485,2019-20
Romeo Langford,BOS,20.0,193.04,97.975872,USA,25,2.5,1.0,0.2,0.0,0.0,0.476,2019-20
Rodney Hood,POR,27.0,203.2,94.347136,USA,21,11.0,3.4,1.5,0.0,0.0,0.625,2019-20
Oshae Brissett,TOR,21.0,200.66,95.25431999999999,Canada,19,1.9,1.4,0.4,0.0,0.0,0.458,2019-20
Otto Porter Jr.,CHI,26.0,203.2,89.811216,USA,12,10.8,3.4,1.8,0.0,0.0,0.53,2019-20
P.J. Tucker,HOU,34.0,195.58,111.13004,USA,62,7.2,6.9,1.6,0.0,0.0,0.579,2019-20
P.J. Washington,CHA,21.0,200.66,104.32616,USA,56,12.3,5.5,2.2,0.0,0.0,0.5529999999999999,2019-20
PJ Dozier,DEN,23.0,198.12,92.98636,USA,20,4.3,1.5,1.5,0.0,0.0,0.453,2019-20
Pascal Siakam,TOR,25.0,205.74,104.32616,Cameroon,51,23.6,7.5,3.5,0.0,0.0,0.556,2019-20
Pat Connaughton,MIL,27.0,195.58,94.800728,USA,59,5.1,4.3,1.6,0.0,0.0,0.568,2019-20
Patrick Beverley,LAC,31.0,185.42,81.64656,USA,46,7.9,5.5,3.8,1.0,0.0,0.551,2019-20
Patrick McCaw,TOR,24.0,200.66,82.10015200000002,USA,35,4.7,2.2,2.2,0.0,0.0,0.51,2019-20
Patrick Patterson,LAC,30.0,203.2,106.59412,USA,50,4.6,2.4,0.6,0.0,0.0,0.57,2019-20
Patty Mills,SAS,31.0,185.42,81.64656,Australia,61,11.7,1.6,1.8,0.0,0.0,0.584,2019-20
Paul George,LAC,29.0,203.2,99.79024,USA,40,20.9,5.9,3.9,0.0,0.0,0.578,2019-20
Paul Millsap,DEN,35.0,200.66,116.573144,USA,42,11.8,5.8,1.6,2.0,3.0,0.598,2019-20
Rodney McGruder,LAC,28.0,193.04,92.98636,USA,48,3.2,2.6,0.6,0.0,0.0,0.474,2019-20
Paul Watson,TOR,25.0,198.12,95.25431999999999,USA,5,0.2,0.8,1.0,0.0,0.0,0.056,2019-20
Quinndary Weatherspoon,SAS,23.0,190.5,92.98636,USA,2,0.0,0.5,0.5,0.0,0.0,0.0,2019-20
RJ Barrett,NYK,19.0,198.12,97.068688,Canada,53,14.1,5.0,2.6,0.0,0.0,0.476,2019-20
Rajon Rondo,LAL,34.0,185.42,81.64656,USA,46,7.3,3.0,5.0,0.0,0.0,0.5,2019-20
Raul Neto,PHI,27.0,185.42,81.64656,Brazil,49,4.3,1.1,1.6,0.0,0.0,0.562,2019-20
Rayjon Tucker,UTA,22.0,190.5,94.800728,USA,14,1.4,0.9,0.1,0.0,0.0,0.448,2019-20
Reggie Bullock,NYK,28.0,198.12,92.98636,USA,27,8.3,2.4,1.4,0.0,0.0,0.495,2019-20
Reggie Jackson,LAC,29.0,190.5,94.347136,USA,21,12.9,3.0,4.6,0.0,0.0,0.517,2019-20
Richaun Holmes,SAC,26.0,208.28,106.59412,USA,38,13.0,8.5,1.0,0.0,0.0,0.685,2019-20
Ricky Rubio,PHX,29.0,190.5,86.18248,Spain,55,12.7,4.5,8.8,0.0,0.0,0.522,2019-20
Robert Covington,HOU,29.0,200.66,94.800728,USA,60,13.0,6.4,1.2,0.0,0.0,0.575,2019-20
Robert Williams III,BOS,22.0,203.2,107.501304,USA,22,4.2,4.7,1.0,0.0,0.0,0.6659999999999999,2019-20
Robin Lopez,MIL,31.0,213.36,127.459352,USA,58,5.4,2.4,0.7,0.0,0.0,0.565,2019-20
Rodions Kurucs,BKN,22.0,205.74,103.418976,Latvia,39,4.2,2.5,0.8,0.0,0.0,0.5539999999999999,2019-20
Quinn Cook,LAL,26.0,185.42,81.64656,USA,38,4.8,1.1,1.1,0.0,0.0,0.517,2019-20
Tacko Fall,BOS,24.0,226.06,141.067112,Senegal,6,3.2,1.8,0.0,0.0,0.0,0.713,2019-20
Taj Gibson,NYK,34.0,205.74,105.233344,USA,59,6.1,4.4,0.9,0.0,0.0,0.601,2019-20
Talen Horton-Tucker,LAL,19.0,193.04,106.140528,USA,2,0.0,0.0,1.0,0.0,0.0,0.0,2019-20
Tyler Johnson,PHX,27.0,190.5,84.368112,USA,31,5.7,1.7,1.6,0.0,0.0,0.481,2019-20
Tyrone Wallace,ATL,25.0,195.58,89.811216,USA,14,2.9,1.6,0.9,0.0,0.0,0.389,2019-20
Tyson Chandler,HOU,37.0,213.36,106.59412,USA,26,1.3,2.5,0.2,0.0,0.0,0.7170000000000001,2019-20
Tyus Jones,MEM,23.0,182.88,88.904032,USA,64,7.4,1.6,4.4,0.0,0.0,0.535,2019-20
Udonis Haslem,MIA,39.0,203.2,106.59412,USA,3,1.7,2.7,0.3,0.0,0.0,0.322,2019-20
Vic Law,ORL,24.0,200.66,91.171992,USA,4,0.0,0.3,0.0,0.0,0.0,0.0,2019-20
Victor Oladipo,IND,27.0,193.04,96.615096,USA,11,12.4,2.7,2.5,0.0,0.0,0.482,2019-20
Vince Carter,ATL,43.0,198.12,99.79024,USA,58,4.9,2.1,0.8,0.0,0.0,0.464,2019-20
Vincent Poirier,BOS,26.0,213.36,106.59412,France,21,1.9,1.6,0.3,0.0,0.0,0.54,2019-20
Vlatko Cancar,DEN,22.0,203.2,107.047712,Slovenia,14,1.2,0.7,0.2,0.0,0.0,0.507,2019-20
Wayne Ellington,NYK,32.0,193.04,93.893544,USA,33,5.2,1.6,1.2,0.0,0.0,0.519,2019-20
Wendell Carter Jr.,CHI,20.0,205.74,122.46984,USA,41,11.2,9.7,1.2,0.0,0.0,0.586,2019-20
Wenyen Gabriel,POR,22.0,205.74,92.98636,Sudan,27,2.2,1.7,0.3,0.0,0.0,0.547,2019-20
Tyler Herro,MIA,20.0,195.58,88.45044,USA,46,13.1,4.0,2.0,0.0,0.0,0.535,2019-20
Wes Iwundu,ORL,25.0,198.12,88.45044,USA,43,5.1,2.5,1.0,0.0,0.0,0.512,2019-20
Will Barton,DEN,29.0,195.58,82.10015200000002,USA,56,15.0,6.3,3.7,1.0,2.0,0.546,2019-20
William Howard,HOU,26.0,203.2,93.893544,France,2,0.0,1.0,0.5,0.0,0.0,0.0,2019-20
Willie Cauley-Stein,DAL,26.0,213.36,108.86208,USA,52,7.3,5.9,1.3,0.0,0.0,0.584,2019-20
Willy Hernangomez,CHA,25.0,210.82,113.398,Spain,31,6.1,4.3,0.9,0.0,0.0,0.5760000000000001,2019-20
Wilson Chandler,BKN,32.0,203.2,106.59412,USA,33,5.9,4.1,1.1,0.0,0.0,0.529,2019-20
Yogi Ferrell,SAC,26.0,182.88,80.73937600000002,USA,44,4.2,1.1,1.3,0.0,0.0,0.499,2019-20
Yuta Watanabe,MEM,25.0,203.2,97.52228,Japan,16,1.9,1.1,0.3,0.0,0.0,0.461,2019-20
Zach Collins,POR,22.0,210.82,113.398,USA,3,9.0,4.0,2.0,2.0,0.0,0.624,2019-20
Zach LaVine,CHI,24.0,198.12,90.7184,USA,60,25.5,4.8,4.2,0.0,0.0,0.568,2019-20
Zach Norvell Jr.,GSW,22.0,195.58,92.98636,USA,5,2.0,1.2,0.6,0.0,0.0,0.402,2019-20
Zhaire Smith,PHI,20.0,190.5,92.98636,USA,7,1.1,0.3,0.3,0.0,0.0,0.313,2019-20
Zion Williamson,NOP,19.0,198.12,128.820128,USA,18,23.6,6.8,2.2,0.0,0.0,0.623,2019-20
Zylan Cheatham,NOP,24.0,195.58,99.79024,USA,3,1.3,2.0,0.7,0.0,0.0,0.4,2019-20
Wesley Matthews,MIL,33.0,193.04,99.79024,USA,60,7.6,2.5,1.5,0.0,0.0,0.552,2019-20
Tyler Cook,CLE,22.0,203.2,115.66596,USA,11,1.7,0.9,0.1,0.0,0.0,0.752,2019-20
Ty Jerome,PHX,22.0,195.58,88.45044,USA,26,3.6,1.5,1.5,0.0,0.0,0.446,2019-20
Troy Daniels,DEN,28.0,193.04,90.7184,USA,41,4.2,1.1,0.3,0.0,0.0,0.527,2019-20
Tariq Owens,PHX,24.0,208.28,92.98636,USA,3,1.3,1.0,0.0,0.0,0.0,0.34,2019-20
Taurean Prince,BKN,25.0,200.66,98.883056,USA,62,12.2,5.9,1.9,0.0,0.0,0.501,2019-20
Terance Mann,LAC,23.0,195.58,97.52228,USA,35,1.6,0.9,1.1,0.0,0.0,0.472,2019-20
Terence Davis,TOR,22.0,193.04,91.171992,USA,62,8.0,3.5,1.7,0.0,0.0,0.605,2019-20
Terrance Ferguson,OKC,21.0,198.12,86.18248,USA,49,4.2,1.4,0.9,0.0,0.0,0.502,2019-20
Terrence Ross,ORL,29.0,198.12,93.439952,USA,61,14.6,3.2,1.2,0.0,0.0,0.545,2019-20
Terry Rozier,CHA,25.0,185.42,86.18248,USA,62,17.6,4.4,4.1,0.0,0.0,0.5479999999999999,2019-20
Thabo Sefolosha,HOU,35.0,198.12,97.52228,Switzerland,40,2.3,2.3,0.6,0.0,0.0,0.4920000000000001,2019-20
Thaddeus Young,CHI,31.0,203.2,106.59412,USA,62,10.2,4.9,1.8,0.0,0.0,0.52,2019-20
Thanasis Antetokounmpo,MIL,27.0,198.12,99.336648,Greece,17,2.1,0.8,0.4,0.0,0.0,0.53,2019-20
Theo Pinson,BKN,24.0,195.58,96.161504,USA,32,3.8,1.7,1.8,0.0,0.0,0.373,2019-20
Thomas Bryant,WAS,22.0,208.28,112.490816,USA,36,12.3,6.9,1.9,0.0,0.0,0.66,2019-20
Thon Maker,DET,23.0,213.36,100.243832,South Sudan,58,4.6,2.8,0.7,2.0,0.0,0.5870000000000001,2019-20
Tim Frazier,DET,29.0,182.88,77.11064,USA,27,3.6,1.2,3.4,0.0,0.0,0.464,2019-20
Tim Hardaway Jr.,DAL,27.0,195.58,92.98636,USA,60,15.6,3.0,2.0,0.0,0.0,0.5820000000000001,2019-20
Timothe Luwawu-Cabarrot,BKN,24.0,200.66,99.79024,France,37,6.3,2.4,0.6,0.0,0.0,0.574,2019-20
Tobias Harris,PHI,27.0,203.2,102.511792,USA,64,19.4,6.8,3.1,0.0,0.0,0.5579999999999999,2019-20
Tomas Satoransky,CHI,28.0,200.66,95.25431999999999,Czech Republic,63,10.1,3.9,5.5,0.0,0.0,0.539,2019-20
Tony Bradley,UTA,22.0,208.28,112.490816,USA,49,4.7,4.3,0.3,0.0,0.0,0.6759999999999999,2019-20
Tony Snell,DET,28.0,198.12,96.615096,USA,57,8.1,1.8,2.1,1.0,0.0,0.606,2019-20
Torrey Craig,DEN,29.0,200.66,100.243832,USA,48,5.1,3.2,0.7,1.0,1.0,0.56,2019-20
Trae Young,ATL,21.0,185.42,81.64656,USA,58,29.4,4.3,9.2,0.0,1.0,0.593,2019-20
Tremont Waters,BOS,22.0,177.8,79.3786,USA,10,3.3,0.9,1.2,0.0,0.0,0.438,2019-20
Treveon Graham,ATL,26.0,195.58,99.336648,USA,53,4.4,2.7,0.8,0.0,0.0,0.449,2019-20
Trevor Ariza,POR,34.0,203.2,97.52228,USA,52,7.7,4.6,1.8,0.0,0.0,0.585,2019-20
Trey Burke,PHI,27.0,182.88,83.91452,USA,25,5.9,1.4,2.1,0.0,0.0,0.545,2019-20
Trey Lyles,SAS,24.0,205.74,106.140528,USA,61,6.2,5.6,1.1,0.0,0.0,0.5529999999999999,2019-20
Tristan Thompson,CLE,28.0,205.74,115.212368,Canada,56,12.2,10.3,2.1,0.0,0.0,0.542,2019-20
Troy Brown Jr.,WAS,20.0,198.12,97.52228,USA,59,9.8,5.3,2.4,0.0,0.0,0.536,2019-20
Omari Spellman,MIN,22.0,203.2,111.13004,USA,49,7.6,4.5,1.0,0.0,0.0,0.551,2019-20
Josh Gray,NOP,26.0,182.88,81.64656,USA,2,1.0,1.0,1.0,0.0,0.0,0.5,2019-20
OG Anunoby,TOR,22.0,200.66,105.233344,United Kingdom,61,10.8,5.5,1.6,0.0,0.0,0.596,2019-20
Norman Powell,TOR,26.0,190.5,97.52228,USA,42,16.4,3.8,1.7,0.0,0.0,0.628,2019-20
Kevin Huerter,ATL,21.0,200.66,86.18248,USA,54,12.3,4.1,3.7,0.0,0.0,0.54,2019-20
Kevin Knox II,NYK,20.0,200.66,97.52228,USA,62,6.5,2.9,1.0,0.0,0.0,0.465,2019-20
Kevin Love,CLE,31.0,203.2,113.851592,USA,54,17.7,9.6,3.1,0.0,0.0,0.605,2019-20
Kevin Porter Jr.,CLE,19.0,193.04,92.079176,USA,50,10.0,3.2,2.2,0.0,0.0,0.535,2019-20
Kevon Looney,GSW,24.0,205.74,100.697424,USA,20,3.4,3.3,1.0,0.0,0.0,0.403,2019-20
Khem Birch,ORL,27.0,205.74,105.68693600000002,Canada,39,3.9,4.6,0.9,0.0,0.0,0.5329999999999999,2019-20
Khris Middleton,MIL,28.0,200.66,100.697424,USA,54,20.7,6.3,4.1,0.0,0.0,0.619,2019-20
Khyri Thomas,DET,23.0,190.5,95.25431999999999,USA,6,1.2,0.0,0.3,0.0,0.0,0.394,2019-20
Kostas Antetokounmpo,LAL,22.0,208.28,90.7184,Greece,3,0.0,0.3,0.3,0.0,0.0,0.0,2019-20
Kris Dunn,CHI,25.0,190.5,92.98636,USA,51,7.3,3.6,3.4,0.0,0.0,0.51,2019-20
Kristaps Porzingis,DAL,24.0,220.98,108.86208,Latvia,49,19.7,9.4,1.7,0.0,0.0,0.551,2019-20
Ky Bowman,GSW,22.0,185.42,84.821704,USA,44,7.4,2.7,3.0,0.0,0.0,0.486,2019-20
Kyle Anderson,MEM,26.0,205.74,104.32616,USA,58,5.7,4.4,2.2,0.0,0.0,0.542,2019-20
Kevin Hervey,OKC,23.0,205.74,104.32616,USA,7,0.3,0.3,0.1,0.0,0.0,0.091,2019-20
Kyle Guy,SAC,22.0,185.42,75.749864,USA,2,1.0,0.0,0.0,0.0,0.0,0.5,2019-20
Kyle Kuzma,LAL,24.0,203.2,100.243832,USA,52,12.5,4.4,1.3,0.0,0.0,0.52,2019-20
Kyle Lowry,TOR,33.0,182.88,88.904032,USA,50,19.5,4.8,7.7,0.0,0.0,0.585,2019-20
Kyle O'Quinn,PHI,29.0,205.74,113.398,USA,25,3.5,3.8,1.4,0.0,0.0,0.541,2019-20
Kyrie Irving,BKN,27.0,187.96,88.45044,Australia,20,27.4,5.2,6.4,0.0,0.0,0.595,2019-20
LaMarcus Aldridge,SAS,34.0,210.82,113.398,USA,52,18.8,7.5,2.4,0.0,0.0,0.573,2019-20
Landry Shamet,LAC,22.0,193.04,86.18248,USA,45,9.9,2.0,1.8,0.0,0.0,0.611,2019-20
Langston Galloway,DET,28.0,185.42,90.7184,USA,64,10.2,2.3,1.5,1.0,1.0,0.586,2019-20
Larry Nance Jr.,CLE,27.0,200.66,111.13004,USA,54,9.8,7.3,2.2,0.0,0.0,0.599,2019-20
Lauri Markkanen,CHI,22.0,213.36,108.86208,Finland,48,14.7,6.4,1.5,0.0,0.0,0.555,2019-20
LeBron James,LAL,35.0,205.74,113.398,USA,58,25.6,7.8,10.7,1.0,1.0,0.581,2019-20
Lonnie Walker IV,SAS,21.0,195.58,92.532768,USA,53,5.6,2.2,0.9,0.0,0.0,0.515,2019-20
Lonzo Ball,NOP,22.0,198.12,86.18248,USA,55,12.3,6.2,7.0,0.0,0.0,0.526,2019-20
Lou Williams,LAC,33.0,185.42,79.3786,USA,59,18.8,3.1,5.8,0.0,1.0,0.5479999999999999,2019-20
Kyle Korver,MIL,38.0,200.66,96.161504,USA,48,6.3,2.0,1.1,0.0,0.0,0.599,2019-20
Louis King,DET,20.0,200.66,92.98636,USA,10,2.0,1.0,0.5,0.0,0.0,0.448,2019-20
Kentavious Caldwell-Pope,LAL,27.0,195.58,92.532768,USA,61,9.6,2.1,1.7,0.0,0.0,0.591,2019-20
Kenrich Williams,NOP,25.0,198.12,95.25431999999999,USA,35,3.8,5.1,1.5,0.0,0.0,0.43,2019-20
Josh Jackson,MEM,23.0,203.2,93.893544,USA,17,10.2,3.4,1.6,0.0,0.0,0.524,2019-20
Josh Okogie,MIN,21.0,193.04,96.615096,Nigeria,60,8.6,4.3,1.5,0.0,0.0,0.5529999999999999,2019-20
Josh Reaves,DAL,22.0,193.04,97.068688,USA,2,0.0,0.0,0.0,0.0,0.0,0.0,2019-20
Josh Richardson,PHI,26.0,195.58,90.7184,USA,47,13.9,3.4,3.1,0.0,0.0,0.526,2019-20
Jrue Holiday,NOP,29.0,190.5,92.98636,USA,54,19.2,4.8,6.9,0.0,0.0,0.529,2019-20
Juan Toscano-Anderson,GSW,26.0,198.12,94.800728,USA,12,5.8,4.3,2.2,0.0,0.0,0.537,2019-20
Juancho Hernangomez,MIN,24.0,205.74,97.068688,Spain,46,5.8,3.9,0.8,0.0,0.0,0.514,2019-20
Julius Randle,NYK,25.0,203.2,113.398,USA,61,19.3,9.7,3.1,0.0,0.0,0.532,2019-20
Justin Anderson,BKN,26.0,195.58,104.779752,USA,3,1.0,0.7,0.0,0.0,0.0,0.218,2019-20
Justin Holiday,IND,30.0,198.12,81.64656,USA,63,8.3,3.2,1.4,0.0,0.0,0.591,2019-20
Justin Jackson,DAL,24.0,200.66,99.79024,USA,55,5.7,2.5,0.7,0.0,0.0,0.496,2019-20
Justin James,SAC,23.0,200.66,86.18248,USA,34,2.5,0.9,0.5,0.0,0.0,0.487,2019-20
Justin Patton,OKC,22.0,210.82,109.31567199999999,USA,5,1.8,1.0,0.4,0.0,0.0,0.45,2019-20
Kent Bazemore,SAC,30.0,193.04,88.45044,USA,63,8.6,4.3,1.3,0.0,5.0,0.4970000000000001,2019-20
Justin Robinson,WAS,22.0,185.42,88.45044,USA,9,1.4,0.6,0.8,0.0,0.0,0.542,2019-20
Justise Winslow,MEM,23.0,198.12,100.697424,USA,11,11.3,6.6,4.0,0.0,0.0,0.44,2019-20
Juwan Morgan,UTA,22.0,200.66,105.233344,USA,16,1.2,1.2,0.1,0.0,0.0,0.5589999999999999,2019-20
KZ Okpala,MIA,20.0,203.2,97.52228,USA,5,1.4,1.0,0.2,0.0,0.0,0.595,2019-20
Kadeem Allen,NYK,27.0,185.42,90.7184,USA,10,5.0,0.9,2.1,0.0,0.0,0.512,2019-20
Karl-Anthony Towns,MIN,24.0,210.82,112.490816,USA,35,26.5,10.8,4.4,0.0,0.0,0.642,2019-20
Kawhi Leonard,LAC,28.0,200.66,102.0582,USA,49,26.9,7.5,5.1,1.0,2.0,0.5820000000000001,2019-20
Keita Bates-Diop,DEN,24.0,203.2,103.872568,USA,39,6.6,2.9,0.8,0.0,0.0,0.541,2019-20
Kelan Martin,MIN,24.0,195.58,104.32616,USA,31,6.4,3.1,0.7,0.0,0.0,0.506,2019-20
Keldon Johnson,SAS,20.0,195.58,99.79024,USA,7,4.7,1.6,0.6,0.0,0.0,0.579,2019-20
Kelly Olynyk,MIA,28.0,210.82,108.86208,Canada,57,7.9,4.5,1.7,0.0,0.0,0.645,2019-20
Kelly Oubre Jr.,PHX,24.0,200.66,92.079176,USA,56,18.7,6.4,1.5,0.0,0.0,0.56,2019-20
Kemba Walker,BOS,29.0,182.88,83.46092800000002,USA,48,21.6,4.1,5.0,0.0,0.0,0.574,2019-20
Kendrick Nunn,MIA,24.0,187.96,86.18248,USA,60,15.5,2.7,3.4,0.0,0.0,0.54,2019-20
Justin Wright-Foreman,UTA,22.0,182.88,86.18248,USA,1,0.0,0.0,0.0,0.0,0.0,0.0,2019-20
Luguentz Dort,OKC,20.0,190.5,97.52228,Canada,28,6.1,1.8,0.7,0.0,0.0,0.522,2019-20
Luka Doncic,DAL,21.0,200.66,104.32616,Slovenia,51,28.4,9.4,8.7,0.0,0.0,0.583,2019-20
Luka Samanic,SAS,20.0,208.28,102.965384,Croatia,1,0.0,2.0,3.0,0.0,0.0,0.0,2019-20
Michael Porter Jr.,DEN,21.0,208.28,98.883056,USA,46,7.8,4.3,0.8,0.0,0.0,0.599,2019-20
Mikal Bridges,PHX,23.0,198.12,94.800728,USA,63,8.5,3.9,1.7,0.0,0.0,0.62,2019-20
Mike Conley,UTA,32.0,185.42,79.3786,USA,40,13.9,3.2,4.3,0.0,1.0,0.528,2019-20
Mike Muscala,OKC,28.0,208.28,108.86208,USA,41,4.6,2.3,0.8,2.0,0.0,0.56,2019-20
Mike Scott,PHI,31.0,200.66,107.501304,USA,62,5.7,3.5,0.7,0.0,0.0,0.54,2019-20
Miles Bridges,CHA,21.0,198.12,102.0582,USA,63,13.1,5.6,1.7,0.0,0.0,0.526,2019-20
Mitchell Robinson,NYK,21.0,213.36,108.86208,USA,58,9.5,7.0,0.6,0.0,0.0,0.7190000000000001,2019-20
Miye Oni,UTA,22.0,195.58,93.439952,USA,5,0.0,0.4,0.0,0.0,0.0,0.0,2019-20
Mo Bamba,ORL,21.0,213.36,104.779752,USA,58,5.6,4.9,0.7,0.0,0.0,0.5529999999999999,2019-20
Monte Morris,DEN,24.0,187.96,83.007336,USA,63,8.6,1.8,3.6,0.0,0.0,0.544,2019-20
Montrezl Harrell,LAC,26.0,200.66,108.86208,USA,61,18.7,7.1,1.7,1.0,1.0,0.607,2019-20
Moritz Wagner,WAS,22.0,210.82,111.13004,Germany,35,9.7,5.3,1.3,0.0,0.0,0.662,2019-20
Moses Brown,POR,20.0,218.44,111.13004,USA,9,1.2,1.6,0.1,0.0,0.0,0.407,2019-20
Michael Kidd-Gilchrist,DAL,26.0,198.12,105.233344,USA,21,2.5,2.6,0.6,0.0,0.0,0.401,2019-20
Mychal Mulder,GSW,25.0,190.5,83.46092800000002,Canada,6,12.3,3.2,1.3,0.0,0.0,0.593,2019-20
Nassir Little,POR,20.0,195.58,99.79024,USA,47,3.6,2.3,0.5,0.0,0.0,0.508,2019-20
Naz Mitrou-Long,IND,26.0,190.5,98.883056,Canada,3,4.7,2.0,2.3,0.0,0.0,0.438,2019-20
Naz Reid,MIN,20.0,205.74,119.748288,USA,28,8.9,4.1,1.1,0.0,0.0,0.511,2019-20
Nemanja Bjelica,SAC,31.0,208.28,106.140528,Serbia,63,11.8,6.4,2.8,0.0,0.0,0.598,2019-20
Nerlens Noel,OKC,25.0,208.28,99.79024,USA,54,7.8,4.9,1.0,1.0,0.0,0.7170000000000001,2019-20
Nickeil Alexander-Walker,NOP,21.0,195.58,92.98636,Canada,41,5.1,2.0,1.8,0.0,0.0,0.441,2019-20
Nicolas Batum,CHA,31.0,205.74,104.32616,France,22,3.6,4.5,3.0,0.0,0.0,0.463,2019-20
Nicolas Claxton,BKN,20.0,210.82,97.52228,USA,15,4.4,2.9,1.1,0.0,0.0,0.5770000000000001,2019-20
Nicolo Melli,NOP,29.0,205.74,107.047712,Italy,51,6.7,3.0,1.3,0.0,0.0,0.584,2019-20
Nigel Williams-Goss,UTA,25.0,187.96,86.18248,USA,9,0.4,0.6,0.6,0.0,0.0,0.254,2019-20
Nikola Jokic,DEN,25.0,213.36,128.820128,Serbia,63,20.5,10.2,6.8,0.0,0.0,0.606,2019-20
Nikola Vucevic,ORL,29.0,210.82,117.93392,Montenegro,52,19.6,10.9,3.7,0.0,0.0,0.539,2019-20
Noah Vonleh,DEN,24.0,208.28,116.573144,USA,32,4.0,3.8,0.8,0.0,0.0,0.621,2019-20
Myles Turner,IND,23.0,210.82,113.398,USA,53,11.7,6.4,1.1,0.0,0.0,0.555,2019-20
Michael Frazier,HOU,26.0,190.5,90.7184,USA,8,1.8,0.4,0.1,0.0,0.0,0.513,2019-20
Michael Carter-Williams,ORL,28.0,195.58,86.18248,USA,40,6.7,3.4,2.5,0.0,0.0,0.52,2019-20
Mfiondu Kabengele,LAC,22.0,205.74,113.398,Canada,12,3.5,0.9,0.2,0.0,0.0,0.614,2019-20
Luke Kennard,DET,23.0,195.58,93.439952,USA,28,15.8,3.5,4.1,0.0,1.0,0.589,2019-20
Luke Kornet,CHI,24.0,218.44,113.398,USA,36,6.0,2.3,0.9,0.0,0.0,0.539,2019-20
Malcolm Brogdon,IND,27.0,195.58,103.872568,USA,48,16.3,4.7,7.1,0.0,0.0,0.537,2019-20
Malcolm Miller,TOR,27.0,200.66,95.25431999999999,USA,25,0.9,0.6,0.3,0.0,0.0,0.4320000000000001,2019-20
Malik Beasley,MIN,23.0,193.04,84.821704,USA,53,11.1,2.6,1.4,0.0,1.0,0.555,2019-20
Malik Monk,CHA,22.0,190.5,90.7184,USA,55,10.3,2.9,2.1,0.0,0.0,0.53,2019-20
Malik Newman,CLE,23.0,190.5,86.18248,USA,1,2.0,0.0,0.0,0.0,0.0,0.34700000000000003,2019-20
Marc Gasol,TOR,35.0,210.82,115.66596,Spain,35,7.8,6.5,3.5,0.0,0.0,0.551,2019-20
Marco Belinelli,SAS,33.0,195.58,99.79024,Italy,51,5.6,1.7,1.2,0.0,0.0,0.507,2019-20
Marcus Morris Sr.,LAC,30.0,203.2,98.883056,USA,53,17.8,5.1,1.4,0.0,0.0,0.5710000000000001,2019-20
Marcus Smart,BOS,26.0,190.5,99.79024,USA,51,13.3,3.7,4.9,0.0,0.0,0.519,2019-20
Marial Shayok,PHI,24.0,195.58,89.811216,Canada,2,1.5,1.5,0.5,0.0,0.0,0.3,2019-20
Mario Hezonja,POR,25.0,203.2,99.79024,Croatia,46,4.7,3.4,0.9,0.0,0.0,0.521,2019-20
Markelle Fultz,ORL,21.0,190.5,94.800728,USA,62,11.9,3.4,5.2,0.0,0.0,0.522,2019-20
Markieff Morris,LAL,30.0,203.2,111.13004,USA,50,10.4,3.8,1.5,0.0,0.0,0.5720000000000001,2019-20
Marko Guduric,MEM,25.0,198.12,91.171992,Serbia,42,4.0,1.7,1.1,0.0,0.0,0.515,2019-20
Marques Bolden,CLE,21.0,208.28,112.944408,USA,1,0.0,2.0,0.0,0.0,0.0,0.0,2019-20
Marquese Chriss,GSW,22.0,205.74,108.86208,USA,58,9.3,6.1,1.9,0.0,0.0,0.602,2019-20
Marvin Bagley III,SAC,20.0,210.82,106.59412,USA,13,14.2,7.5,0.8,0.0,0.0,0.512,2019-20
Marvin Williams,MIL,33.0,203.2,107.501304,USA,51,6.2,2.8,1.0,0.0,0.0,0.584,2019-20
Mason Plumlee,DEN,30.0,210.82,115.212368,USA,51,7.4,5.4,2.4,0.0,1.0,0.619,2019-20
Matisse Thybulle,PHI,23.0,195.58,91.171992,USA,56,4.6,1.5,1.2,0.0,0.0,0.522,2019-20
Matt Mooney,CLE,23.0,187.96,90.264808,USA,3,0.7,0.3,0.3,0.0,0.0,0.5,2019-20
Matthew Dellavedova,CLE,29.0,190.5,90.7184,Australia,55,2.8,1.3,2.9,0.0,0.0,0.445,2019-20
Maurice Harkless,NYK,26.0,200.66,99.79024,USA,59,5.7,3.9,1.0,2.0,4.0,0.575,2019-20
Max Strus,CHI,23.0,195.58,97.52228,USA,2,2.5,0.5,0.0,0.0,0.0,0.727,2019-20
Maxi Kleber,DAL,28.0,208.28,108.86208,Germany,63,9.1,5.4,1.1,0.0,0.0,0.605,2019-20
Melvin Frazier Jr.,ORL,23.0,195.58,97.52228,USA,15,1.2,0.3,0.1,0.0,0.0,0.48,2019-20
Meyers Leonard,MIA,28.0,213.36,117.93392,USA,49,6.1,5.1,1.1,0.0,0.0,0.64,2019-20
Norvel Pelle,PHI,27.0,208.28,104.779752,USA,20,2.1,3.0,0.4,0.0,0.0,0.521,2019-20
Matt Thomas,TOR,25.0,193.04,86.18248,USA,31,4.5,1.4,0.5,0.0,0.0,0.6629999999999999,2019-20
